{"cameraMode":{"drawMode":0,"name":"Shaded","section":"Shading Mode"},"sceneLighting":true,"audioPlay":false,"sceneViewState":{"m_AlwaysRefresh":false,"showFog":true,"showSkybox":true,"showFlares":true,"showImageEffects":true,"showParticleSystems":true,"showVisualEffectGraphs":true,"m_FxEnabled":true},"in2DMode":false,"pivot":{"x":747.2879638671875,"y":389.0754089355469,"z":669.3464965820313},"rotation":{"x":-0.030294951051473619,"y":-0.024887656792998315,"z":0.0007762460736557841,"w":-0.9991989135742188},"size":902.8072509765625,"orthographic":false}